{"cameraMode":{"drawMode":0,"name":"Shaded","section":"Shading Mode"},"sceneLighting":true,"audioPlay":false,"sceneViewState":{"showFog":true,"showMaterialUpdate":false,"showSkybox":true,"showFlares":true,"showImageEffects":true,"showParticleSystems":true},"in2DMode":false,"pivot":{"x":12.514616012573243,"y":-6.340256690979004,"z":-3.1590194702148439},"rotation":{"x":-0.05676129460334778,"y":0.9280334115028381,"z":-0.3322630226612091,"w":-0.15853828191757203},"size":16.589447021484376,"orthographic":false}